[{"model": "admin.logentry", "pk": 75, "fields": {"action_time": "2025-04-30T09:49:32.914Z", "user": 3, "content_type": 7, "object_id": "1", "object_repr": "Miguel Rodrigues: 21 anos", "action_flag": 1, "change_message": "[{\"added\": {}}]"}}, {"model": "admin.logentry", "pk": 76, "fields": {"action_time": "2025-05-15T14:56:09.714Z", "user": 3, "content_type": 4, "object_id": "4", "object_repr": "goofy", "action_flag": 3, "change_message": ""}}, {"model": "admin.logentry", "pk": 77, "fields": {"action_time": "2025-05-15T16:39:33.443Z", "user": 3, "content_type": 4, "object_id": "5", "object_repr": "goofy", "action_flag": 3, "change_message": ""}}, {"model": "admin.logentry", "pk": 78, "fields": {"action_time": "2025-05-15T16:39:33.443Z", "user": 3, "content_type": 4, "object_id": "6", "object_repr": "typeshit", "action_flag": 3, "change_message": ""}}, {"model": "admin.logentry", "pk": 79, "fields": {"action_time": "2025-05-15T16:43:48.094Z", "user": 3, "content_type": 4, "object_id": "7", "object_repr": "MigaSoN_", "action_flag": 3, "change_message": ""}}, {"model": "admin.logentry", "pk": 80, "fields": {"action_time": "2025-05-15T23:27:01.168Z", "user": 3, "content_type": 4, "object_id": "3", "object_repr": "dr1gues257", "action_flag": 2, "change_message": "[{\"changed\": {\"fields\": [\"Username\"]}}]"}}, {"model": "admin.logentry", "pk": 82, "fields": {"action_time": "2025-05-19T15:44:55.860Z", "user": 3, "content_type": 4, "object_id": "9", "object_repr": "dr1gues", "action_flag": 3, "change_message": ""}}, {"model": "admin.logentry", "pk": 83, "fields": {"action_time": "2025-05-19T15:45:14.473Z", "user": 3, "content_type": 4, "object_id": "3", "object_repr": "dr1gues257", "action_flag": 2, "change_message": "[{\"changed\": {\"fields\": [\"First name\", \"Last name\", \"Email address\"]}}]"}}, {"model": "admin.logentry", "pk": 84, "fields": {"action_time": "2025-05-19T15:45:25.109Z", "user": 3, "content_type": 4, "object_id": "8", "object_repr": "goofy", "action_flag": 2, "change_message": "[{\"changed\": {\"fields\": [\"Email address\"]}}]"}}, {"model": "admin.logentry", "pk": 85, "fields": {"action_time": "2025-05-20T08:27:09.287Z", "user": 3, "content_type": 24, "object_id": "1", "object_repr": "django-gmail-api", "action_flag": 1, "change_message": "[{\"added\": {}}]"}}, {"model": "admin.logentry", "pk": 86, "fields": {"action_time": "2025-05-20T08:37:57.603Z", "user": 3, "content_type": 4, "object_id": "8", "object_repr": "goofy", "action_flag": 3, "change_message": ""}}, {"model": "auth.permission", "pk": 1, "fields": {"name": "Can add log entry", "content_type": 1, "codename": "add_logentry"}}, {"model": "auth.permission", "pk": 2, "fields": {"name": "Can change log entry", "content_type": 1, "codename": "change_logentry"}}, {"model": "auth.permission", "pk": 3, "fields": {"name": "Can delete log entry", "content_type": 1, "codename": "delete_logentry"}}, {"model": "auth.permission", "pk": 4, "fields": {"name": "Can view log entry", "content_type": 1, "codename": "view_logentry"}}, {"model": "auth.permission", "pk": 5, "fields": {"name": "Can add permission", "content_type": 2, "codename": "add_permission"}}, {"model": "auth.permission", "pk": 6, "fields": {"name": "Can change permission", "content_type": 2, "codename": "change_permission"}}, {"model": "auth.permission", "pk": 7, "fields": {"name": "Can delete permission", "content_type": 2, "codename": "delete_permission"}}, {"model": "auth.permission", "pk": 8, "fields": {"name": "Can view permission", "content_type": 2, "codename": "view_permission"}}, {"model": "auth.permission", "pk": 9, "fields": {"name": "Can add group", "content_type": 3, "codename": "add_group"}}, {"model": "auth.permission", "pk": 10, "fields": {"name": "Can change group", "content_type": 3, "codename": "change_group"}}, {"model": "auth.permission", "pk": 11, "fields": {"name": "Can delete group", "content_type": 3, "codename": "delete_group"}}, {"model": "auth.permission", "pk": 12, "fields": {"name": "Can view group", "content_type": 3, "codename": "view_group"}}, {"model": "auth.permission", "pk": 13, "fields": {"name": "Can add user", "content_type": 4, "codename": "add_user"}}, {"model": "auth.permission", "pk": 14, "fields": {"name": "Can change user", "content_type": 4, "codename": "change_user"}}, {"model": "auth.permission", "pk": 15, "fields": {"name": "Can delete user", "content_type": 4, "codename": "delete_user"}}, {"model": "auth.permission", "pk": 16, "fields": {"name": "Can view user", "content_type": 4, "codename": "view_user"}}, {"model": "auth.permission", "pk": 17, "fields": {"name": "Can add content type", "content_type": 5, "codename": "add_contenttype"}}, {"model": "auth.permission", "pk": 18, "fields": {"name": "Can change content type", "content_type": 5, "codename": "change_contenttype"}}, {"model": "auth.permission", "pk": 19, "fields": {"name": "Can delete content type", "content_type": 5, "codename": "delete_contenttype"}}, {"model": "auth.permission", "pk": 20, "fields": {"name": "Can view content type", "content_type": 5, "codename": "view_contenttype"}}, {"model": "auth.permission", "pk": 21, "fields": {"name": "Can add session", "content_type": 6, "codename": "add_session"}}, {"model": "auth.permission", "pk": 22, "fields": {"name": "Can change session", "content_type": 6, "codename": "change_session"}}, {"model": "auth.permission", "pk": 23, "fields": {"name": "Can delete session", "content_type": 6, "codename": "delete_session"}}, {"model": "auth.permission", "pk": 24, "fields": {"name": "Can view session", "content_type": 6, "codename": "view_session"}}, {"model": "auth.permission", "pk": 25, "fields": {"name": "Can add pessoa", "content_type": 7, "codename": "add_pessoa"}}, {"model": "auth.permission", "pk": 26, "fields": {"name": "Can change pessoa", "content_type": 7, "codename": "change_pessoa"}}, {"model": "auth.permission", "pk": 27, "fields": {"name": "Can delete pessoa", "content_type": 7, "codename": "delete_pessoa"}}, {"model": "auth.permission", "pk": 28, "fields": {"name": "Can view pessoa", "content_type": 7, "codename": "view_pessoa"}}, {"model": "auth.permission", "pk": 29, "fields": {"name": "Can add banda", "content_type": 8, "codename": "add_banda"}}, {"model": "auth.permission", "pk": 30, "fields": {"name": "Can change banda", "content_type": 8, "codename": "change_banda"}}, {"model": "auth.permission", "pk": 31, "fields": {"name": "Can delete banda", "content_type": 8, "codename": "delete_banda"}}, {"model": "auth.permission", "pk": 32, "fields": {"name": "Can view banda", "content_type": 8, "codename": "view_banda"}}, {"model": "auth.permission", "pk": 33, "fields": {"name": "Can add album", "content_type": 9, "codename": "add_album"}}, {"model": "auth.permission", "pk": 34, "fields": {"name": "Can change album", "content_type": 9, "codename": "change_album"}}, {"model": "auth.permission", "pk": 35, "fields": {"name": "Can delete album", "content_type": 9, "codename": "delete_album"}}, {"model": "auth.permission", "pk": 36, "fields": {"name": "Can view album", "content_type": 9, "codename": "view_album"}}, {"model": "auth.permission", "pk": 37, "fields": {"name": "Can add musica", "content_type": 10, "codename": "add_musica"}}, {"model": "auth.permission", "pk": 38, "fields": {"name": "Can change musica", "content_type": 10, "codename": "change_musica"}}, {"model": "auth.permission", "pk": 39, "fields": {"name": "Can delete musica", "content_type": 10, "codename": "delete_musica"}}, {"model": "auth.permission", "pk": 40, "fields": {"name": "Can view musica", "content_type": 10, "codename": "view_musica"}}, {"model": "auth.permission", "pk": 41, "fields": {"name": "Can add autor", "content_type": 11, "codename": "add_autor"}}, {"model": "auth.permission", "pk": 42, "fields": {"name": "Can change autor", "content_type": 11, "codename": "change_autor"}}, {"model": "auth.permission", "pk": 43, "fields": {"name": "Can delete autor", "content_type": 11, "codename": "delete_autor"}}, {"model": "auth.permission", "pk": 44, "fields": {"name": "Can view autor", "content_type": 11, "codename": "view_autor"}}, {"model": "auth.permission", "pk": 45, "fields": {"name": "Can add artigo", "content_type": 12, "codename": "add_artigo"}}, {"model": "auth.permission", "pk": 46, "fields": {"name": "Can change artigo", "content_type": 12, "codename": "change_artigo"}}, {"model": "auth.permission", "pk": 47, "fields": {"name": "Can delete artigo", "content_type": 12, "codename": "delete_artigo"}}, {"model": "auth.permission", "pk": 48, "fields": {"name": "Can view artigo", "content_type": 12, "codename": "view_artigo"}}, {"model": "auth.permission", "pk": 49, "fields": {"name": "Can add avaliacao", "content_type": 13, "codename": "add_avaliacao"}}, {"model": "auth.permission", "pk": 50, "fields": {"name": "Can change avaliacao", "content_type": 13, "codename": "change_avaliacao"}}, {"model": "auth.permission", "pk": 51, "fields": {"name": "Can delete avaliacao", "content_type": 13, "codename": "delete_avaliacao"}}, {"model": "auth.permission", "pk": 52, "fields": {"name": "Can view avaliacao", "content_type": 13, "codename": "view_avaliacao"}}, {"model": "auth.permission", "pk": 53, "fields": {"name": "Can add comentario", "content_type": 14, "codename": "add_comentario"}}, {"model": "auth.permission", "pk": 54, "fields": {"name": "Can change comentario", "content_type": 14, "codename": "change_comentario"}}, {"model": "auth.permission", "pk": 55, "fields": {"name": "Can delete comentario", "content_type": 14, "codename": "delete_comentario"}}, {"model": "auth.permission", "pk": 56, "fields": {"name": "Can view comentario", "content_type": 14, "codename": "view_comentario"}}, {"model": "auth.permission", "pk": 57, "fields": {"name": "Can add disciplina", "content_type": 15, "codename": "add_disciplina"}}, {"model": "auth.permission", "pk": 58, "fields": {"name": "Can change disciplina", "content_type": 15, "codename": "change_disciplina"}}, {"model": "auth.permission", "pk": 59, "fields": {"name": "Can delete disciplina", "content_type": 15, "codename": "delete_disciplina"}}, {"model": "auth.permission", "pk": 60, "fields": {"name": "Can view disciplina", "content_type": 15, "codename": "view_disciplina"}}, {"model": "auth.permission", "pk": 61, "fields": {"name": "Can add tecnologia", "content_type": 16, "codename": "add_tecnologia"}}, {"model": "auth.permission", "pk": 62, "fields": {"name": "Can change tecnologia", "content_type": 16, "codename": "change_tecnologia"}}, {"model": "auth.permission", "pk": 63, "fields": {"name": "Can delete tecnologia", "content_type": 16, "codename": "delete_tecnologia"}}, {"model": "auth.permission", "pk": 64, "fields": {"name": "Can view tecnologia", "content_type": 16, "codename": "view_tecnologia"}}, {"model": "auth.permission", "pk": 65, "fields": {"name": "Can add projeto", "content_type": 17, "codename": "add_projeto"}}, {"model": "auth.permission", "pk": 66, "fields": {"name": "Can change projeto", "content_type": 17, "codename": "change_projeto"}}, {"model": "auth.permission", "pk": 67, "fields": {"name": "Can delete projeto", "content_type": 17, "codename": "delete_projeto"}}, {"model": "auth.permission", "pk": 68, "fields": {"name": "Can view projeto", "content_type": 17, "codename": "view_projeto"}}, {"model": "auth.permission", "pk": 69, "fields": {"name": "Can add imagem projeto", "content_type": 18, "codename": "add_imagemprojeto"}}, {"model": "auth.permission", "pk": 70, "fields": {"name": "Can change imagem projeto", "content_type": 18, "codename": "change_imagemprojeto"}}, {"model": "auth.permission", "pk": 71, "fields": {"name": "Can delete imagem projeto", "content_type": 18, "codename": "delete_imagemprojeto"}}, {"model": "auth.permission", "pk": 72, "fields": {"name": "Can view imagem projeto", "content_type": 18, "codename": "view_imagemprojeto"}}, {"model": "auth.permission", "pk": 73, "fields": {"name": "Can add visitante", "content_type": 19, "codename": "add_visitante"}}, {"model": "auth.permission", "pk": 74, "fields": {"name": "Can change visitante", "content_type": 19, "codename": "change_visitante"}}, {"model": "auth.permission", "pk": 75, "fields": {"name": "Can delete visitante", "content_type": 19, "codename": "delete_visitante"}}, {"model": "auth.permission", "pk": 76, "fields": {"name": "Can view visitante", "content_type": 19, "codename": "view_visitante"}}, {"model": "auth.permission", "pk": 77, "fields": {"name": "Can add magic link token", "content_type": 20, "codename": "add_magiclinktoken"}}, {"model": "auth.permission", "pk": 78, "fields": {"name": "Can change magic link token", "content_type": 20, "codename": "change_magiclinktoken"}}, {"model": "auth.permission", "pk": 79, "fields": {"name": "Can delete magic link token", "content_type": 20, "codename": "delete_magiclinktoken"}}, {"model": "auth.permission", "pk": 80, "fields": {"name": "Can view magic link token", "content_type": 20, "codename": "view_magiclinktoken"}}, {"model": "auth.permission", "pk": 81, "fields": {"name": "Can add email address", "content_type": 21, "codename": "add_emailaddress"}}, {"model": "auth.permission", "pk": 82, "fields": {"name": "Can change email address", "content_type": 21, "codename": "change_emailaddress"}}, {"model": "auth.permission", "pk": 83, "fields": {"name": "Can delete email address", "content_type": 21, "codename": "delete_emailaddress"}}, {"model": "auth.permission", "pk": 84, "fields": {"name": "Can view email address", "content_type": 21, "codename": "view_emailaddress"}}, {"model": "auth.permission", "pk": 85, "fields": {"name": "Can add email confirmation", "content_type": 22, "codename": "add_emailconfirmation"}}, {"model": "auth.permission", "pk": 86, "fields": {"name": "Can change email confirmation", "content_type": 22, "codename": "change_emailconfirmation"}}, {"model": "auth.permission", "pk": 87, "fields": {"name": "Can delete email confirmation", "content_type": 22, "codename": "delete_emailconfirmation"}}, {"model": "auth.permission", "pk": 88, "fields": {"name": "Can view email confirmation", "content_type": 22, "codename": "view_emailconfirmation"}}, {"model": "auth.permission", "pk": 89, "fields": {"name": "Can add social account", "content_type": 23, "codename": "add_socialaccount"}}, {"model": "auth.permission", "pk": 90, "fields": {"name": "Can change social account", "content_type": 23, "codename": "change_socialaccount"}}, {"model": "auth.permission", "pk": 91, "fields": {"name": "Can delete social account", "content_type": 23, "codename": "delete_socialaccount"}}, {"model": "auth.permission", "pk": 92, "fields": {"name": "Can view social account", "content_type": 23, "codename": "view_socialaccount"}}, {"model": "auth.permission", "pk": 93, "fields": {"name": "Can add social application", "content_type": 24, "codename": "add_socialapp"}}, {"model": "auth.permission", "pk": 94, "fields": {"name": "Can change social application", "content_type": 24, "codename": "change_socialapp"}}, {"model": "auth.permission", "pk": 95, "fields": {"name": "Can delete social application", "content_type": 24, "codename": "delete_socialapp"}}, {"model": "auth.permission", "pk": 96, "fields": {"name": "Can view social application", "content_type": 24, "codename": "view_socialapp"}}, {"model": "auth.permission", "pk": 97, "fields": {"name": "Can add social application token", "content_type": 25, "codename": "add_socialtoken"}}, {"model": "auth.permission", "pk": 98, "fields": {"name": "Can change social application token", "content_type": 25, "codename": "change_socialtoken"}}, {"model": "auth.permission", "pk": 99, "fields": {"name": "Can delete social application token", "content_type": 25, "codename": "delete_socialtoken"}}, {"model": "auth.permission", "pk": 100, "fields": {"name": "Can view social application token", "content_type": 25, "codename": "view_socialtoken"}}, {"model": "auth.user", "pk": 3, "fields": {"password": "pbkdf2_sha256$870000$uOSwhZ0UfpQsZeuwnsnKLf$CqX35BmrX20K7pghSwUg1HKUx9xzW1lZCu/E2egxmGY=", "last_login": "2025-05-20T13:14:24.952Z", "is_superuser": true, "username": "dr1gues257", "first_name": "Miguel", "last_name": "Rodrigues", "email": "miguel.rodrigues103@hotmail.com", "is_staff": true, "is_active": true, "date_joined": "2025-04-30T09:34:49Z", "groups": [], "user_permissions": []}}, {"model": "auth.user", "pk": 10, "fields": {"password": "!XakXXcZNhFxoVc1q93kzsLXYRI1SIBxrSQfDF7go", "last_login": "2025-05-20T13:15:04.187Z", "is_superuser": false, "username": "miguel", "first_name": "Miguel", "last_name": "Rodrigues", "email": "kmailar8@gmail.com", "is_staff": false, "is_active": true, "date_joined": "2025-05-20T08:41:36.395Z", "groups": [], "user_permissions": []}}, {"model": "auth.user", "pk": 11, "fields": {"password": "!L0NT9J8TfruwuUOwd4Ay2BoGcatHqWflDU4xoLcS", "last_login": "2025-05-20T09:48:42.475Z", "is_superuser": false, "username": "bernardo", "first_name": "Bernardo", "last_name": "Jerónimo", "email": "bernardoantjeronimo@gmail.com", "is_staff": false, "is_active": true, "date_joined": "2025-05-20T09:33:20.355Z", "groups": [], "user_permissions": []}}, {"model": "auth.user", "pk": 12, "fields": {"password": "pbkdf2_sha256$870000$rKG2UXIAbEVxHMZr8kh37G$UUTZJjXNNi2TxUyunxzlvdvwpdDRZxCOKfEr9lL9Gh0=", "last_login": null, "is_superuser": false, "username": "NIgga", "first_name": "Bernardo", "last_name": "Jerónimo", "email": "bernardoantjeronimo@gmai.com", "is_staff": false, "is_active": true, "date_joined": "2025-05-20T09:51:26.094Z", "groups": [], "user_permissions": []}}, {"model": "contenttypes.contenttype", "pk": 1, "fields": {"app_label": "admin", "model": "logentry"}}, {"model": "contenttypes.contenttype", "pk": 2, "fields": {"app_label": "auth", "model": "permission"}}, {"model": "contenttypes.contenttype", "pk": 3, "fields": {"app_label": "auth", "model": "group"}}, {"model": "contenttypes.contenttype", "pk": 4, "fields": {"app_label": "auth", "model": "user"}}, {"model": "contenttypes.contenttype", "pk": 5, "fields": {"app_label": "contenttypes", "model": "contenttype"}}, {"model": "contenttypes.contenttype", "pk": 6, "fields": {"app_label": "sessions", "model": "session"}}, {"model": "contenttypes.contenttype", "pk": 7, "fields": {"app_label": "pessoas", "model": "pessoa"}}, {"model": "contenttypes.contenttype", "pk": 8, "fields": {"app_label": "bandas", "model": "banda"}}, {"model": "contenttypes.contenttype", "pk": 9, "fields": {"app_label": "bandas", "model": "album"}}, {"model": "contenttypes.contenttype", "pk": 10, "fields": {"app_label": "bandas", "model": "musica"}}, {"model": "contenttypes.contenttype", "pk": 11, "fields": {"app_label": "artigos", "model": "autor"}}, {"model": "contenttypes.contenttype", "pk": 12, "fields": {"app_label": "artigos", "model": "artigo"}}, {"model": "contenttypes.contenttype", "pk": 13, "fields": {"app_label": "artigos", "model": "avaliacao"}}, {"model": "contenttypes.contenttype", "pk": 14, "fields": {"app_label": "artigos", "model": "comentario"}}, {"model": "contenttypes.contenttype", "pk": 15, "fields": {"app_label": "portfolio", "model": "disciplina"}}, {"model": "contenttypes.contenttype", "pk": 16, "fields": {"app_label": "portfolio", "model": "tecnologia"}}, {"model": "contenttypes.contenttype", "pk": 17, "fields": {"app_label": "portfolio", "model": "projeto"}}, {"model": "contenttypes.contenttype", "pk": 18, "fields": {"app_label": "portfolio", "model": "imagemprojeto"}}, {"model": "contenttypes.contenttype", "pk": 19, "fields": {"app_label": "portfolio", "model": "visitante"}}, {"model": "contenttypes.contenttype", "pk": 20, "fields": {"app_label": "portfolio", "model": "magiclinktoken"}}, {"model": "contenttypes.contenttype", "pk": 21, "fields": {"app_label": "account", "model": "emailaddress"}}, {"model": "contenttypes.contenttype", "pk": 22, "fields": {"app_label": "account", "model": "emailconfirmation"}}, {"model": "contenttypes.contenttype", "pk": 23, "fields": {"app_label": "socialaccount", "model": "socialaccount"}}, {"model": "contenttypes.contenttype", "pk": 24, "fields": {"app_label": "socialaccount", "model": "socialapp"}}, {"model": "contenttypes.contenttype", "pk": 25, "fields": {"app_label": "socialaccount", "model": "socialtoken"}}, {"model": "sessions.session", "pk": "1n0ew1x6m33hyuort6xmh040m6p54xhi", "fields": {"session_data": "eyJuZXh0IjoiL3BvcnRmb2xpby9wcm9qZXRvcy8yL2VkaXRhci8ifQ:1uF5AW:8P_oq9ZoYHqFsJu_7RjbQ7PP-KlPouk-M96Rbo8ltvo", "expire_date": "2025-05-28T06:00:40.646Z"}}, {"model": "sessions.session", "pk": "1x3wad3i5pngbf9z0gfhsohg4olor7gm", "fields": {"session_data": "eyJuZXh0IjoiL3BvcnRmb2xpby9wcm9qZXRvcy9jcmlhci8ifQ:1uF5A8:k8niUzoMBqwqInk9NRSm0axy5IBGmegG-tv7NZs-XTA", "expire_date": "2025-05-28T06:00:16.975Z"}}, {"model": "sessions.session", "pk": "4rkjdiy9496tcq74ntsglylzmp5og1q0", "fields": {"session_data": "e30:1uHMbt:ZnW9Tx7A1wY4o7z01X2v5ruYjfnM2GvhaybzGjoTj5s", "expire_date": "2025-06-03T13:02:21.068Z"}}, {"model": "sessions.session", "pk": "7s5q653l1w7ufijtir60wujzqpw6fqe3", "fields": {"session_data": "eyJuZXh0IjoiL3BvcnRmb2xpby9wcm9qZXRvcy9jcmlhci8iLCJhdXRlbnRpY2FkbyI6dHJ1ZX0:1uErYj:KCN1YAuu-dH8UdhvwILqWI9G3cNPX5CfGzAvV7ZZQFY", "expire_date": "2025-05-27T15:28:45.966Z"}}, {"model": "sessions.session", "pk": "8ymbl4cxswnsgbt3j9oev8a29s94e5x1", "fields": {"session_data": ".eJxVjcEOgjAQRP-lZwO0IEWP3v0Gst1dpEi6pJTExPjvloSDXmfevHmrHrY09tvKsfekrqpWp9_MAT457AVNEB5SoIQUvSt2pDjatbgL8Xw72D_BCOuY19BV1hhTd6YirNC0A5yt6y5AdauHwTJ1RECMrXHk0GpNunHacsUIDWCWBn6lbCoXiWmQ2Uu5RJk4yVpi9BDLzORfDskjkKhriht_vkdrTNA:1uF7cB:ODZyen3bgzWBS166ifVfMZTQnxd1sCNotyNTtqY-vk0", "expire_date": "2025-05-28T08:37:23.220Z"}}, {"model": "sessions.session", "pk": "b3a09j0bp6fzg3cta0fe2ebxp96u0oih", "fields": {"session_data": "eyJuZXh0IjoiL3BvcnRmb2xpby9wcm9qZXRvcy9jcmlhci8ifQ:1uF5A8:k8niUzoMBqwqInk9NRSm0axy5IBGmegG-tv7NZs-XTA", "expire_date": "2025-05-28T06:00:16.704Z"}}, {"model": "sessions.session", "pk": "dw70an0eyb64bwr6r3za532xkqym9ltx", "fields": {"session_data": "eyJuZXh0IjoiL3BvcnRmb2xpby9wcm9qZXRvcy8yL2VkaXRhci8ifQ:1uF5Aa:J-RZyw30fKiEUEAwC3C90vO7qS6EmGaNG-j7S8W7KcM", "expire_date": "2025-05-28T06:00:44.922Z"}}, {"model": "sessions.session", "pk": "fwhnv0kcl075r7tar0mg4o0mp2pnt0sh", "fields": {"session_data": "eyJuZXh0IjoiL3BvcnRmb2xpby9wcm9qZXRvcy9jcmlhci8ifQ:1uEuME:yOcYVut4O9HML68AHzokcCz-ILtA6BVgv1hiiD_DAOw", "expire_date": "2025-05-27T18:28:02.855Z"}}, {"model": "sessions.session", "pk": "fx9ei01ebn80cn1ld74xz87n2ivufd6p", "fields": {"session_data": "e30:1uHJd9:D_c6e7FKSrQ_wTGLWbFe8R57GJ2weQOpcI3S28KCz-E", "expire_date": "2025-06-03T09:51:27.250Z"}}, {"model": "sessions.session", "pk": "jjl205krgn9v3gacsbjea494lrm1kc96", "fields": {"session_data": "e30:1uHMbk:VPlasqlnc7uCQ8ZbO1dUbLMS3Fgr81BOVEl_8kd5qFY", "expire_date": "2025-06-03T13:02:12.759Z"}}, {"model": "sessions.session", "pk": "lxr9zagdol4am1bxv9xjk60f3iyqorai", "fields": {"session_data": "eyJuZXh0IjoiL3BvcnRmb2xpby90ZWNub2xvZ2lhcy8yL2VkaXRhci8ifQ:1uF6qi:8BQAwCc__SAsRsl55OFRVV-Wr4ptC8zQEmusZpOdmhA", "expire_date": "2025-05-28T07:48:20.766Z"}}, {"model": "sessions.session", "pk": "poi887xlysog53gcgci60oe1729nldza", "fields": {"session_data": "eyJuZXh0IjoiL3BvcnRmb2xpby9wcm9qZXRvcy8yL2VkaXRhci8ifQ:1uF5Aa:J-RZyw30fKiEUEAwC3C90vO7qS6EmGaNG-j7S8W7KcM", "expire_date": "2025-05-28T06:00:44.858Z"}}, {"model": "sessions.session", "pk": "qyp09f28tae0jzk21zfs19374jd7x7ri", "fields": {"session_data": "eyJuZXh0IjoiL3BvcnRmb2xpby9wcm9qZXRvcy9jcmlhci8ifQ:1uF5A8:k8niUzoMBqwqInk9NRSm0axy5IBGmegG-tv7NZs-XTA", "expire_date": "2025-05-28T06:00:16.949Z"}}, {"model": "sessions.session", "pk": "wnd7kryg0y1takciq4238luq6ha7k93w", "fields": {"session_data": "eyJuZXh0IjoiL3BvcnRmb2xpby9wcm9qZXRvcy8yL2VkaXRhci8ifQ:1uF5Aa:J-RZyw30fKiEUEAwC3C90vO7qS6EmGaNG-j7S8W7KcM", "expire_date": "2025-05-28T06:00:44.555Z"}}, {"model": "sessions.session", "pk": "zzhi81bx35dm6xpgqvwcilat1hpjsncs", "fields": {"session_data": "eyJuZXh0IjoiL3BvcnRmb2xpby9wcm9qZXRvcy9jcmlhci8iLCJhdXRlbnRpY2FkbyI6dHJ1ZX0:1uEqoY:ryf5JPUX_Vk8zUpkoPv4CgQLu1gzNFhZ9zHhcrlrm0w", "expire_date": "2025-05-27T14:41:02.983Z"}}, {"model": "pessoas.pessoa", "pk": 1, "fields": {"nome": "Miguel Rodrigues", "idade": 21}}, {"model": "bandas.banda", "pk": 1, "fields": {"nome": "Destiny's Child", "genero": "R&B", "ano_formacao": 1990, "biografia": "Grupo feminino de R&B que revelou Beyoncé. Conhecido por hits como 'Say My Name' e 'Survivor'.", "foto": ""}}, {"model": "bandas.banda", "pk": 2, "fields": {"nome": "Maroon 5", "genero": "Pop", "ano_formacao": 2001, "biografia": "Banda pop rock liderada por Adam Levine, com sucessos como 'She Will Be Loved' e 'Sugar'.", "foto": ""}}, {"model": "bandas.banda", "pk": 3, "fields": {"nome": "Little Mix", "genero": "Pop", "ano_formacao": 2011, "biografia": "Girl group britânico formado no X-Factor UK, conhecido por músicas como 'Shout Out to My Ex'.", "foto": ""}}, {"model": "bandas.banda", "pk": 4, "fields": {"nome": "Boyz II Men", "genero": "R&B", "ano_formacao": 1988, "biografia": "Grupo vocal icônico dos anos 90 com baladas românticas como 'End of the Road'.", "foto": ""}}, {"model": "bandas.banda", "pk": 5, "fields": {"nome": "Backstreet Boys", "genero": "Pop", "ano_formacao": 1993, "biografia": "Uma das boybands mais famosas do mundo, conhecida por 'I Want It That Way'.", "foto": ""}}, {"model": "bandas.banda", "pk": 6, "fields": {"nome": "En Vogue", "genero": "R&B", "ano_formacao": 1989, "biografia": "Quarteto feminino de R&B com vocais poderosos e hits como 'Free Your Mind'.", "foto": ""}}, {"model": "bandas.banda", "pk": 7, "fields": {"nome": "One Direction", "genero": "Pop", "ano_formacao": 2010, "biografia": "Boyband formada no X-Factor UK que se tornou um fenômeno mundial com músicas como 'What Makes You Beautiful'.", "foto": ""}}, {"model": "bandas.banda", "pk": 8, "fields": {"nome": "TLC", "genero": "R&B", "ano_formacao": 1990, "biografia": "Trio feminino com mensagens fortes nas músicas, como 'Waterfalls' e 'No Scrubs'.", "foto": ""}}, {"model": "bandas.banda", "pk": 9, "fields": {"nome": "Fifth Harmony", "genero": "Pop", "ano_formacao": 2012, "biografia": "Girl group criado no The X-Factor USA, conhecido por 'Work from Home'.", "foto": ""}}, {"model": "bandas.banda", "pk": 10, "fields": {"nome": "Silk Sonic", "genero": "R&B", "ano_formacao": 2021, "biografia": "Dupla formada por Bruno Mars e Anderson .Paak, unindo soul e R&B modernos com estilo retrô.", "foto": ""}}, {"model": "bandas.album", "pk": 1, "fields": {"titulo": "Survivor", "ano_lancamento": 2001, "banda": 1, "capa": ""}}, {"model": "bandas.album", "pk": 2, "fields": {"titulo": "Songs About Jane", "ano_lancamento": 2002, "banda": 2, "capa": ""}}, {"model": "bandas.album", "pk": 3, "fields": {"titulo": "Glory Days", "ano_lancamento": 2016, "banda": 3, "capa": ""}}, {"model": "bandas.album", "pk": 4, "fields": {"titulo": "II", "ano_lancamento": 1994, "banda": 4, "capa": ""}}, {"model": "bandas.album", "pk": 5, "fields": {"titulo": "Millennium", "ano_lancamento": 1999, "banda": 5, "capa": ""}}, {"model": "bandas.album", "pk": 6, "fields": {"titulo": "Funky Divas", "ano_lancamento": 1992, "banda": 6, "capa": ""}}, {"model": "bandas.album", "pk": 7, "fields": {"titulo": "Up All Night", "ano_lancamento": 2011, "banda": 7, "capa": ""}}, {"model": "bandas.album", "pk": 8, "fields": {"titulo": "CrazySexyCool", "ano_lancamento": 1994, "banda": 8, "capa": ""}}, {"model": "bandas.album", "pk": 9, "fields": {"titulo": "Reflection", "ano_lancamento": 2015, "banda": 9, "capa": ""}}, {"model": "bandas.album", "pk": 10, "fields": {"titulo": "7/27", "ano_lancamento": 2016, "banda": 9, "capa": ""}}, {"model": "bandas.album", "pk": 11, "fields": {"titulo": "An Evening with Silk Sonic", "ano_lancamento": 2021, "banda": 10, "capa": ""}}, {"model": "bandas.album", "pk": 12, "fields": {"titulo": "Survivor", "ano_lancamento": 2001, "banda": 1, "capa": ""}}, {"model": "bandas.album", "pk": 13, "fields": {"titulo": "Songs About Jane", "ano_lancamento": 2002, "banda": 2, "capa": ""}}, {"model": "bandas.album", "pk": 14, "fields": {"titulo": "Glory Days", "ano_lancamento": 2016, "banda": 3, "capa": ""}}, {"model": "bandas.album", "pk": 15, "fields": {"titulo": "II", "ano_lancamento": 1994, "banda": 4, "capa": ""}}, {"model": "bandas.album", "pk": 16, "fields": {"titulo": "Millennium", "ano_lancamento": 1999, "banda": 5, "capa": ""}}, {"model": "bandas.album", "pk": 17, "fields": {"titulo": "Funky Divas", "ano_lancamento": 1992, "banda": 6, "capa": ""}}, {"model": "bandas.album", "pk": 18, "fields": {"titulo": "Up All Night", "ano_lancamento": 2011, "banda": 7, "capa": ""}}, {"model": "bandas.album", "pk": 19, "fields": {"titulo": "CrazySexyCool", "ano_lancamento": 1994, "banda": 8, "capa": ""}}, {"model": "bandas.album", "pk": 20, "fields": {"titulo": "Reflection", "ano_lancamento": 2015, "banda": 9, "capa": ""}}, {"model": "bandas.album", "pk": 21, "fields": {"titulo": "7/27", "ano_lancamento": 2016, "banda": 9, "capa": ""}}, {"model": "bandas.album", "pk": 22, "fields": {"titulo": "An Evening with Silk Sonic", "ano_lancamento": 2021, "banda": 10, "capa": ""}}, {"model": "bandas.musica", "pk": 1, "fields": {"titulo": "Survivor", "duracao": "00:04:00", "album": 1, "letra": "I'm a survivor, I won't give up the fight.", "spotify_link": null, "youtube_link": null}}, {"model": "bandas.musica", "pk": 2, "fields": {"titulo": "Bootylicious", "duracao": "00:03:27", "album": 1, "letra": "Bootylicious, I know you want this.", "spotify_link": null, "youtube_link": null}}, {"model": "bandas.musica", "pk": 3, "fields": {"titulo": "Independent Women Part I", "duracao": "00:03:41", "album": 1, "letra": "I'm an independent woman, I don't need anyone.", "spotify_link": null, "youtube_link": null}}, {"model": "bandas.musica", "pk": 4, "fields": {"titulo": "Harder to Breathe", "duracao": "00:02:55", "album": 2, "letra": "It's getting harder to breathe, but I need you near.", "spotify_link": null, "youtube_link": null}}, {"model": "bandas.musica", "pk": 5, "fields": {"titulo": "This Love", "duracao": "00:03:26", "album": 2, "letra": "This love, it burns me down.", "spotify_link": null, "youtube_link": null}}, {"model": "bandas.musica", "pk": 6, "fields": {"titulo": "She Will Be Loved", "duracao": "00:04:18", "album": 2, "letra": "She will be loved, with all my heart.", "spotify_link": null, "youtube_link": null}}, {"model": "bandas.musica", "pk": 7, "fields": {"titulo": "Shout Out to My Ex", "duracao": "00:04:06", "album": 3, "letra": "Shout out to my ex, I’m better off alone.", "spotify_link": null, "youtube_link": null}}, {"model": "bandas.musica", "pk": 8, "fields": {"titulo": "Touch", "duracao": "00:04:03", "album": 3, "letra": "Touch, everything feels right with you.", "spotify_link": null, "youtube_link": null}}, {"model": "bandas.musica", "pk": 9, "fields": {"titulo": "Power", "duracao": "00:04:02", "album": 3, "letra": "We got the power, we’re unstoppable.", "spotify_link": null, "youtube_link": null}}, {"model": "bandas.musica", "pk": 10, "fields": {"titulo": "I'll Make Love to You", "duracao": "00:04:07", "album": 4, "letra": "I'll make love to you, just say the word.", "spotify_link": null, "youtube_link": null}}, {"model": "bandas.musica", "pk": 11, "fields": {"titulo": "On Bended Knee", "duracao": "00:05:29", "album": 4, "letra": "On bended knee, I'm begging for your love.", "spotify_link": null, "youtube_link": null}}, {"model": "bandas.musica", "pk": 12, "fields": {"titulo": "Water Runs Dry", "duracao": "00:03:22", "album": 4, "letra": "Water runs dry, but my love for you won't fade.", "spotify_link": null, "youtube_link": null}}, {"model": "bandas.musica", "pk": 13, "fields": {"titulo": "I Want It That Way", "duracao": "00:03:33", "album": 5, "letra": "I want it that way, you know it’s true.", "spotify_link": null, "youtube_link": null}}, {"model": "bandas.musica", "pk": 14, "fields": {"titulo": "Larger Than Life", "duracao": "00:03:52", "album": 5, "letra": "Larger than life, we live for the moment.", "spotify_link": null, "youtube_link": null}}, {"model": "bandas.musica", "pk": 15, "fields": {"titulo": "Show Me the Meaning of Being Lonely", "duracao": "00:03:56", "album": 5, "letra": "Show me the meaning of being lonely, without you.", "spotify_link": null, "youtube_link": null}}, {"model": "bandas.musica", "pk": 16, "fields": {"titulo": "Free Your Mind", "duracao": "00:04:53", "album": 6, "letra": "Free your mind, and let the music take control.", "spotify_link": null, "youtube_link": null}}, {"model": "bandas.musica", "pk": 17, "fields": {"titulo": "My Lovin' (You're Never Gonna Get It)", "duracao": "00:04:42", "album": 6, "letra": "My lovin', you’re never gonna get it.", "spotify_link": null, "youtube_link": null}}, {"model": "bandas.musica", "pk": 18, "fields": {"titulo": "Giving Him Something He Can Feel", "duracao": "00:03:56", "album": 6, "letra": "Giving him something, that he can feel.", "spotify_link": null, "youtube_link": null}}, {"model": "bandas.musica", "pk": 19, "fields": {"titulo": "What Makes You Beautiful", "duracao": "00:03:18", "album": 7, "letra": "What makes you beautiful? It's your smile.", "spotify_link": null, "youtube_link": null}}, {"model": "bandas.musica", "pk": 20, "fields": {"titulo": "One Thing", "duracao": "00:03:17", "album": 7, "letra": "I want one thing, just you and me.", "spotify_link": null, "youtube_link": null}}, {"model": "bandas.musica", "pk": 21, "fields": {"titulo": "Gotta Be You", "duracao": "00:04:00", "album": 7, "letra": "I gotta be you, there's no one else.", "spotify_link": null, "youtube_link": null}}, {"model": "bandas.musica", "pk": 22, "fields": {"titulo": "Creep", "duracao": "00:04:27", "album": 8, "letra": "I creep, I keep it low and slow.", "spotify_link": null, "youtube_link": null}}, {"model": "bandas.musica", "pk": 23, "fields": {"titulo": "Red Light Special", "duracao": "00:04:39", "album": 8, "letra": "Under the red light, we feel the heat.", "spotify_link": null, "youtube_link": null}}, {"model": "bandas.musica", "pk": 24, "fields": {"titulo": "Waterfalls", "duracao": "00:04:40", "album": 8, "letra": "Don't go chasing waterfalls, stay safe.", "spotify_link": null, "youtube_link": null}}, {"model": "bandas.musica", "pk": 25, "fields": {"titulo": "Worth It", "duracao": "00:03:45", "album": 9, "letra": "I’m worth it, worth every second with you.", "spotify_link": null, "youtube_link": null}}, {"model": "bandas.musica", "pk": 26, "fields": {"titulo": "BO$$", "duracao": "00:02:51", "album": 9, "letra": "I'm a boss, I don’t need permission.", "spotify_link": null, "youtube_link": null}}, {"model": "bandas.musica", "pk": 27, "fields": {"titulo": "Sledgehammer", "duracao": "00:03:51", "album": 9, "letra": "Hit me like a sledgehammer, love is strong.", "spotify_link": null, "youtube_link": null}}, {"model": "bandas.musica", "pk": 28, "fields": {"titulo": "Work from Home", "duracao": "00:03:34", "album": 10, "letra": "Work from home, but I need you here.", "spotify_link": null, "youtube_link": null}}, {"model": "bandas.musica", "pk": 29, "fields": {"titulo": "All In My Head (Flex)", "duracao": "00:03:31", "album": 10, "letra": "It’s all in my head, can’t get you out.", "spotify_link": null, "youtube_link": null}}, {"model": "bandas.musica", "pk": 30, "fields": {"titulo": "That's My Girl", "duracao": "00:03:23", "album": 10, "letra": "That’s my girl, strong and proud.", "spotify_link": null, "youtube_link": null}}, {"model": "bandas.musica", "pk": 31, "fields": {"titulo": "Leave the Door Open", "duracao": "00:04:02", "album": 11, "letra": "Leave the door open, baby, come on in.", "spotify_link": null, "youtube_link": null}}, {"model": "bandas.musica", "pk": 32, "fields": {"titulo": "Smokin Out the Window", "duracao": "00:03:17", "album": 11, "letra": "Smokin' out the window, can't take it no more.", "spotify_link": null, "youtube_link": null}}, {"model": "bandas.musica", "pk": 33, "fields": {"titulo": "Fly As Me", "duracao": "00:03:39", "album": 11, "letra": "Fly as me, we’re on another level.", "spotify_link": null, "youtube_link": null}}, {"model": "bandas.musica", "pk": 34, "fields": {"titulo": "Survivor", "duracao": "00:04:00", "album": 12, "letra": "I'm a survivor, I won't give up the fight.", "spotify_link": null, "youtube_link": null}}, {"model": "bandas.musica", "pk": 35, "fields": {"titulo": "Bootylicious", "duracao": "00:03:27", "album": 12, "letra": "Bootylicious, I know you want this.", "spotify_link": null, "youtube_link": null}}, {"model": "bandas.musica", "pk": 36, "fields": {"titulo": "Independent Women Part I", "duracao": "00:03:41", "album": 12, "letra": "I'm an independent woman, I don't need anyone.", "spotify_link": null, "youtube_link": null}}, {"model": "bandas.musica", "pk": 37, "fields": {"titulo": "Harder to Breathe", "duracao": "00:02:55", "album": 13, "letra": "It's getting harder to breathe, but I need you near.", "spotify_link": null, "youtube_link": null}}, {"model": "bandas.musica", "pk": 38, "fields": {"titulo": "This Love", "duracao": "00:03:26", "album": 13, "letra": "This love, it burns me down.", "spotify_link": null, "youtube_link": null}}, {"model": "bandas.musica", "pk": 39, "fields": {"titulo": "She Will Be Loved", "duracao": "00:04:18", "album": 13, "letra": "She will be loved, with all my heart.", "spotify_link": null, "youtube_link": null}}, {"model": "bandas.musica", "pk": 40, "fields": {"titulo": "Shout Out to My Ex", "duracao": "00:04:06", "album": 14, "letra": "Shout out to my ex, I’m better off alone.", "spotify_link": null, "youtube_link": null}}, {"model": "bandas.musica", "pk": 41, "fields": {"titulo": "Touch", "duracao": "00:04:03", "album": 14, "letra": "Touch, everything feels right with you.", "spotify_link": null, "youtube_link": null}}, {"model": "bandas.musica", "pk": 42, "fields": {"titulo": "Power", "duracao": "00:04:02", "album": 14, "letra": "We got the power, we’re unstoppable.", "spotify_link": null, "youtube_link": null}}, {"model": "bandas.musica", "pk": 43, "fields": {"titulo": "I'll Make Love to You", "duracao": "00:04:07", "album": 15, "letra": "I'll make love to you, just say the word.", "spotify_link": null, "youtube_link": null}}, {"model": "bandas.musica", "pk": 44, "fields": {"titulo": "On Bended Knee", "duracao": "00:05:29", "album": 15, "letra": "On bended knee, I'm begging for your love.", "spotify_link": null, "youtube_link": null}}, {"model": "bandas.musica", "pk": 45, "fields": {"titulo": "Water Runs Dry", "duracao": "00:03:22", "album": 15, "letra": "Water runs dry, but my love for you won't fade.", "spotify_link": null, "youtube_link": null}}, {"model": "bandas.musica", "pk": 46, "fields": {"titulo": "I Want It That Way", "duracao": "00:03:33", "album": 16, "letra": "I want it that way, you know it’s true.", "spotify_link": null, "youtube_link": null}}, {"model": "bandas.musica", "pk": 47, "fields": {"titulo": "Larger Than Life", "duracao": "00:03:52", "album": 16, "letra": "Larger than life, we live for the moment.", "spotify_link": null, "youtube_link": null}}, {"model": "bandas.musica", "pk": 48, "fields": {"titulo": "Show Me the Meaning of Being Lonely", "duracao": "00:03:56", "album": 16, "letra": "Show me the meaning of being lonely, without you.", "spotify_link": null, "youtube_link": null}}, {"model": "bandas.musica", "pk": 49, "fields": {"titulo": "Free Your Mind", "duracao": "00:04:53", "album": 17, "letra": "Free your mind, and let the music take control.", "spotify_link": null, "youtube_link": null}}, {"model": "bandas.musica", "pk": 50, "fields": {"titulo": "My Lovin' (You're Never Gonna Get It)", "duracao": "00:04:42", "album": 17, "letra": "My lovin', you’re never gonna get it.", "spotify_link": null, "youtube_link": null}}, {"model": "bandas.musica", "pk": 51, "fields": {"titulo": "Giving Him Something He Can Feel", "duracao": "00:03:56", "album": 17, "letra": "Giving him something, that he can feel.", "spotify_link": null, "youtube_link": null}}, {"model": "bandas.musica", "pk": 52, "fields": {"titulo": "What Makes You Beautiful", "duracao": "00:03:18", "album": 18, "letra": "What makes you beautiful? It's your smile.", "spotify_link": null, "youtube_link": null}}, {"model": "bandas.musica", "pk": 53, "fields": {"titulo": "One Thing", "duracao": "00:03:17", "album": 18, "letra": "I want one thing, just you and me.", "spotify_link": null, "youtube_link": null}}, {"model": "bandas.musica", "pk": 54, "fields": {"titulo": "Gotta Be You", "duracao": "00:04:00", "album": 18, "letra": "I gotta be you, there's no one else.", "spotify_link": null, "youtube_link": null}}, {"model": "bandas.musica", "pk": 55, "fields": {"titulo": "Creep", "duracao": "00:04:27", "album": 19, "letra": "I creep, I keep it low and slow.", "spotify_link": null, "youtube_link": null}}, {"model": "bandas.musica", "pk": 56, "fields": {"titulo": "Red Light Special", "duracao": "00:04:39", "album": 19, "letra": "Under the red light, we feel the heat.", "spotify_link": null, "youtube_link": null}}, {"model": "bandas.musica", "pk": 57, "fields": {"titulo": "Waterfalls", "duracao": "00:04:40", "album": 19, "letra": "Don't go chasing waterfalls, stay safe.", "spotify_link": null, "youtube_link": null}}, {"model": "bandas.musica", "pk": 58, "fields": {"titulo": "Worth It", "duracao": "00:03:45", "album": 20, "letra": "I’m worth it, worth every second with you.", "spotify_link": null, "youtube_link": null}}, {"model": "bandas.musica", "pk": 59, "fields": {"titulo": "BO$$", "duracao": "00:02:51", "album": 20, "letra": "I'm a boss, I don’t need permission.", "spotify_link": null, "youtube_link": null}}, {"model": "bandas.musica", "pk": 60, "fields": {"titulo": "Sledgehammer", "duracao": "00:03:51", "album": 20, "letra": "Hit me like a sledgehammer, love is strong.", "spotify_link": null, "youtube_link": null}}, {"model": "bandas.musica", "pk": 61, "fields": {"titulo": "Work from Home", "duracao": "00:03:34", "album": 21, "letra": "Work from home, but I need you here.", "spotify_link": null, "youtube_link": null}}, {"model": "bandas.musica", "pk": 62, "fields": {"titulo": "All In My Head (Flex)", "duracao": "00:03:31", "album": 21, "letra": "It’s all in my head, can’t get you out.", "spotify_link": null, "youtube_link": null}}, {"model": "bandas.musica", "pk": 63, "fields": {"titulo": "That's My Girl", "duracao": "00:03:23", "album": 21, "letra": "That’s my girl, strong and proud.", "spotify_link": null, "youtube_link": null}}, {"model": "bandas.musica", "pk": 64, "fields": {"titulo": "Leave the Door Open", "duracao": "00:04:02", "album": 22, "letra": "Leave the door open, baby, come on in.", "spotify_link": null, "youtube_link": null}}, {"model": "bandas.musica", "pk": 65, "fields": {"titulo": "Smokin Out the Window", "duracao": "00:03:17", "album": 22, "letra": "Smokin' out the window, can't take it no more.", "spotify_link": null, "youtube_link": null}}, {"model": "bandas.musica", "pk": 66, "fields": {"titulo": "Fly As Me", "duracao": "00:03:39", "album": 22, "letra": "Fly as me, we’re on another level.", "spotify_link": null, "youtube_link": null}}, {"model": "artigos.autor", "pk": 4, "fields": {"user": 3, "nome": "Miguel Rodrigues", "email": "miguel.rodrigues103@hotmail.com", "bio": null}}, {"model": "artigos.autor", "pk": 6, "fields": {"user": 11, "nome": "Bernardo Jerónimo", "email": "bernardoantjeronimo@gmail.com", "bio": null}}, {"model": "artigos.artigo", "pk": 5, "fields": {"titulo": "NEGAO", "conteudo": "NEGAO", "autor": 6, "criado_em": "2025-05-20T09:34:38.079Z"}}, {"model": "artigos.comentario", "pk": 2, "fields": {"artigo": 5, "autor": 6, "conteudo": "NEGAO", "criado_em": "2025-05-20T09:35:08.660Z"}}, {"model": "artigos.avaliacao", "pk": 2, "fields": {"artigo": 5, "autor": 6, "valor": 4}}, {"model": "portfolio.disciplina", "pk": 1, "fields": {"nome": "Linguagens de Programação 2", "ano": 2, "semestre": 1, "docentes": "Pedro Alves", "link_moodle": "https://moodle.ensinolusofona.pt/course/view.php?id=30502", "link_ulusofona": "https://www.ulusofona.pt/lisboa/licenciaturas/videojogos/ULHT1075-898"}}, {"model": "portfolio.disciplina", "pk": 2, "fields": {"nome": "Desenvolvimento de Interfaces Web", "ano": 2, "semestre": 1, "docentes": "Lucio Studer, Duarte Neves", "link_moodle": "https://moodle.ensinolusofona.pt/course/view.php?id=28717", "link_ulusofona": "https://www.ulusofona.pt/lisboa/licenciaturas/engenharia-informatica/ULHT260-26141"}}, {"model": "portfolio.disciplina", "pk": 3, "fields": {"nome": "Fundamentos de Programação", "ano": 1, "semestre": 1, "docentes": "Pedro Alves", "link_moodle": "https://moodle.ensinolusofona.pt/course/view.php?id=23380", "link_ulusofona": "https://www.ulusofona.pt/lisboa/licenciaturas/ciencia-de-dados/ULHT6634-7337"}}, {"model": "portfolio.disciplina", "pk": 4, "fields": {"nome": "Programação Web", "ano": 2, "semestre": 2, "docentes": "Lucio Studer, Pedro Perdigão", "link_moodle": "https://moodle.ensinolusofona.pt/course/view.php?id=30559", "link_ulusofona": "https://www.ulusofona.pt/lisboa/licenciaturas/engenharia-informatica/ULHT260-11195"}}, {"model": "portfolio.disciplina", "pk": 5, "fields": {"nome": "Fundamentos de Física", "ano": 1, "semestre": 1, "docentes": "Cristiane Ferreira", "link_moodle": "https://moodle.ensinolusofona.pt/course/view.php?id=22641", "link_ulusofona": "https://www.ulusofona.pt/lisboa/licenciaturas/engenharia-informatica-redes-e-telecomunicacoes/ULHT2531-7336"}}, {"model": "portfolio.tecnologia", "pk": 1, "fields": {"nome": "Java", "logotipo": "logos_tecnologias/transferir.png", "link": "https://pt.wikipedia.org/wiki/Java_(linguagem_de_programa%C3%A7%C3%A3o)", "descricao": "Orientação a Objetos: Java segue o paradigma de orientação a objetos, facilitando a organização e reutilização de código através de classes e objetos.\r\n\r\nPortabilidade: Com a frase \"Write Once, Run Anywhere\", Java permite que programas sejam executados em qualquer plataforma que tenha a JVM (Java Virtual Machine), tornando-o independente de sistemas operacionais.\r\n\r\nSegurança: Java foi projetado com mecanismos de segurança robustos, como a execução dentro da JVM, que impede o acesso direto aos recursos do sistema operacional.\r\n\r\nMultithreading: Suporte nativo para multithreading, permitindo que várias tarefas sejam executadas simultaneamente, o que é essencial para aplicativos de alto desempenho.\r\n\r\nGarbage Collection: O gerenciamento automático de memória, que elimina objetos não utilizados, reduz o risco de erros e melhora a eficiência.\r\n\r\nBiblioteca Padrão Ampla: Java oferece uma extensa biblioteca de APIs para tarefas como manipulação de arquivos, redes, interfaces gráficas e muito mais.\r\n\r\nDesempenho: Embora não tão rápido quanto linguagens como C, Java oferece boa performance através da otimização da JVM e do JIT Compiler (compilação Just-In-Time).\r\n\r\nVersatilidade: Java é usado em diversas áreas, como desenvolvimento móvel (Android), aplicações empresariais, sistemas embarcados e aplicativos em nuvem."}}, {"model": "portfolio.tecnologia", "pk": 2, "fields": {"nome": "Next.js", "logotipo": "logos_tecnologias/transferir_fAnFKdO.png", "link": "https://nextjs.org/", "descricao": "Next.js é um framework de React que facilita a criação de aplicações web modernas, oferecendo recursos como:\r\n\r\nRenderização híbrida (estática e no servidor)\r\n\r\nRoteamento automático baseado em arquivos\r\n\r\nOtimização de performance\r\n\r\nAPI Routes (backend junto com frontend)\r\n\r\nSuporte a TypeScript, CSS Modules, e muito mais\r\n\r\nIdeal para construir websites rápidos, escaláveis e com boa experiência de SEO"}}, {"model": "portfolio.tecnologia", "pk": 3, "fields": {"nome": "React", "logotipo": "logos_tecnologias/68747470733a2f2f63646e2e61757468302e636f6d2f626c6f672f72656163742d6a73_Yry3HCp.png", "link": "https://react.dev/", "descricao": "React é uma biblioteca JavaScript criada pelo Facebook para construir interfaces de utilizador (UIs) de forma eficiente, especialmente em aplicações web com muitos elementos dinâmicos.\r\n\r\nCaracterísticas principais do React:\r\nComponentes: A UI é dividida em componentes reutilizáveis, cada um responsável por uma parte da interface.\r\n\r\nJSX: Usa uma sintaxe chamada JSX, que mistura HTML com JavaScript, facilitando a escrita dos componentes.\r\n\r\nVirtual DOM: Em vez de atualizar a página inteira, React usa um DOM virtual para aplicar apenas as mudanças necessárias, tornando as atualizações mais rápidas.\r\n\r\nUnidirectional Data Flow: Os dados fluem numa única direção (de cima para baixo), o que facilita o rastreamento e o controlo do estado da aplicação.\r\n\r\nReact Hooks: Permitem usar estado e outras funcionalidades do React em componentes funcionais."}}, {"model": "portfolio.tecnologia", "pk": 4, "fields": {"nome": "JavaScript", "logotipo": "logos_tecnologias/Unofficial_JavaScript_logo_2.svg.png", "link": "https://developer.mozilla.org/pt-BR/docs/Web/JavaScript", "descricao": "JavaScript é uma linguagem de programação amplamente usada para tornar páginas web interativas e dinâmicas. Funciona no navegador (front-end), mas também pode ser usada no servidor com tecnologias como Node.js.\r\nÉ interpretada e orientada a eventos.\r\nPermite manipular o HTML e CSS de forma dinâmica.\r\nUsada para validar formulários, criar animações, carregar dados com AJAX, entre outros."}}, {"model": "portfolio.tecnologia", "pk": 5, "fields": {"nome": "Tailwind", "logotipo": "logos_tecnologias/images.png", "link": "https://tailwindcss.com/", "descricao": "Tailwind CSS é um framework CSS utilitário que permite criar designs diretamente no HTML usando classes pré-definidas.\r\nÉ mobile-first e customizável.\r\nFoca em velocidade de desenvolvimento e consistência visual"}}, {"model": "portfolio.tecnologia", "pk": 6, "fields": {"nome": "TypeScript", "logotipo": "logos_tecnologias/Typescript.svg.png", "link": "https://www.typescriptlang.org/", "descricao": "TypeScript é uma linguagem de programação baseada em JavaScript, desenvolvida pela Microsoft, que adiciona tipagem estática e recursos avançados ao JavaScript.\r\n\r\nEm resumo:\r\nÉ um superset de JavaScript – todo código JS válido é também válido em TypeScript.\r\n\r\nPermite definir tipos para variáveis, funções, objetos, etc., ajudando a evitar erros comuns em tempo de desenvolvimento.\r\n\r\nMelhora a legibilidade e manutenção do código, especialmente em projetos grandes.\r\n\r\nCompila para JavaScript puro, funcionando em qualquer ambiente onde JavaScript roda."}}, {"model": "portfolio.tecnologia", "pk": 7, "fields": {"nome": "Kotlin", "logotipo": "logos_tecnologias/transferir.jfif", "link": "https://kotlinlang.org/", "descricao": "Kotlin é moderna, concisa, segura, interoperável, multiplataforma, clara, produtiva, funcional, estática, poderosa"}}, {"model": "portfolio.tecnologia", "pk": 8, "fields": {"nome": "Intellij", "logotipo": "logos_tecnologias/1200px-IntelliJ_IDEA_Logo.png", "link": "https://www.googleadservices.com/pagead/aclk?sa=L&ai=DChcSEwiutIj96v2MAxWYmVAGHTWzF18YABAAGgJkZw&co=1&gclid=Cj0KCQjw8cHABhC-ARIsAJnY12wbz1aWsUtmmWEfX1QXkZL-fho74w3quyJ2LZEiBIMvyYUEt1rEp-gaAoZJEALw_wcB", "descricao": "IntelliJ IDEA é um ambiente de desenvolvimento integrado (IDE) poderoso, criado pela JetBrains, amplamente usado para desenvolvimento em Java, Kotlin e outras linguagens"}}, {"model": "portfolio.tecnologia", "pk": 9, "fields": {"nome": "Django", "logotipo": "logos_tecnologias/transferir_1.png", "link": "https://www.djangoproject.com/", "descricao": "Django é um framework de alto nível para desenvolvimento web em Python que incentiva o desenvolvimento rápido e limpo de aplicações. Ele segue o padrão MTV (Model-Template-View), uma variação do MVC, e fornece uma estrutura robusta que inclui ORM (Object-Relational Mapping), autenticação de utilizadores, painel administrativo automático, sistema de rotas, e ferramentas para segurança, escalabilidade e manutenção"}}, {"model": "portfolio.tecnologia", "pk": 10, "fields": {"nome": "Python", "logotipo": "logos_tecnologias/transferir_2.png", "link": "https://www.python.org/", "descricao": "Python é uma linguagem de programação fácil de aprender e muito usada em várias áreas, como sites, jogos, análise de dados e inteligência artificial"}}, {"model": "portfolio.tecnologia", "pk": 11, "fields": {"nome": "Pythonanywhere", "logotipo": "logos_tecnologias/transferir_3.png", "link": "https://www.pythonanywhere.com/", "descricao": "PythonAnywhere é uma plataforma online que permite programar e executar código Python diretamente no navegador"}}, {"model": "portfolio.tecnologia", "pk": 12, "fields": {"nome": "HTML", "logotipo": "logos_tecnologias/transferir_4.png", "link": "https://www.w3schools.com/html/", "descricao": "HTML (HyperText Markup Language) é a linguagem usada para criar páginas da internet. Com ela, definimos os textos, imagens, links, botões e a estrutura básica de um site, dizendo ao navegador o que deve ser mostrado e como"}}, {"model": "portfolio.tecnologia", "pk": 13, "fields": {"nome": "CSS", "logotipo": "logos_tecnologias/transferir_5.png", "link": "https://www.w3schools.com/css/", "descricao": "CSS (Cascading Style Sheets) é a linguagem usada para definir o visual de uma página web. Com o CSS, podemos mudar cores, tamanhos, fontes, espaçamentos e organizar onde os elementos aparecem, tornando o site mais bonito e agradável"}}, {"model": "portfolio.tecnologia", "pk": 14, "fields": {"nome": "GitHub", "logotipo": "logos_tecnologias/transferir_6.png", "link": "https://github.com/", "descricao": "GitHub é uma plataforma online onde programadores guardam, partilham e colaboram em projetos de código"}}, {"model": "portfolio.tecnologia", "pk": 15, "fields": {"nome": "Selenium", "logotipo": "logos_tecnologias/transferir_7.png", "link": "https://www.selenium.dev/", "descricao": "Selenium é uma ferramenta de automação para testes de aplicações web."}}, {"model": "portfolio.tecnologia", "pk": 16, "fields": {"nome": "MySQL", "logotipo": "logos_tecnologias/ECX-1909_Hero_MySQL_600x4002x-1_0.png", "link": "https://www.mysql.com/", "descricao": "MySQL é um sistema de gestão de bases de dados relacional, usado para armazenar e organizar grandes quantidades de informação."}}, {"model": "portfolio.projeto", "pk": 1, "fields": {"titulo": "Humans VS Zombies", "descricao": "O jogo que desenvolvi para o projeto é um jogo de tabuleiro 2D inspirado no estilo Humans vs Zombies, ambientado num apocalipse zombie. Os jogadores assumem o papel de humanos que, armados até os dentes, tentam se defender e sobreviver contra as hordas de zombies. O tabuleiro oferece um espaço estratégico onde os humanos podem usar suas armas para se proteger, enquanto tentam encontrar maneiras de se manter vivos. O objetivo dos zombies é, claro, dominar os humanos, forçando-os a uma luta constante pela sobrevivência. A mecânica do jogo envolve movimento tático, decisões rápidas e, claro, muita tensão enquanto os humanos tentam evitar ser capturados ou transformados em zombies!", "link_github": "https://github.com/ULHT-LP2-2024-25-students/projeto-lp2-prof-pedro-alves-miguel-r-22306155-rodrigo-n-22302691", "link_demo": null, "conceitos_aplicados": "Herança: O conceito de herança permite criar uma estrutura de classes onde os personagens do jogo compartilham propriedades e comportamentos comuns, mas também podem ter suas características específicas. Por exemplo, criamos uma classe base chamada Creatura, que define propriedades comuns a todos os personagens, movimento e ações. A partir dessa classe base, criamos classes derivadas, como Humano e Zombie, que herdam as propriedades e métodos de Creatura, mas adicionam suas próprias características, como habilidades especiais ou diferentes formas de atacar.\r\n\r\nPolimorfismo: O polimorfismo entra em cena quando queremos que os métodos das classes derivadas tenham comportamentos específicos, mas com a mesma interface. Por exemplo, tanto os humanos quanto os zombies podem ter um método chamado atacar(), mas o comportamento desse método será diferente dependendo do tipo de personagem. No caso dos humanos, o método pode envolver o uso de armas, enquanto nos zombies, pode envolver o ataque físico. Dessa forma, o polimorfismo permite que o jogo trate todos os personagens de forma genérica, mas com comportamentos específicos para cada tipo.", "desafios_interessantes": "Embora a implementação das bases de herança e polimorfismo não tenha sido tão desafiadora, o maior desafio foi criar as várias classes e definir os diferentes tipos de ataques, defesas e movimentos para cada tipo de criatura. Esse processo exigiu mais esforço, pois envolveu a construção de lógicas distintas para cada personagem, tornando o jogo mais dinâmico e complexo.", "disciplina": 1, "tecnologias_utilizadas": [1, 8]}}, {"model": "portfolio.projeto", "pk": 2, "fields": {"titulo": "Website de Produtos", "descricao": "Este projeto é uma aplicação web de e-commerce desenvolvida com Next.js e React, utilizando TypeScript para garantir maior segurança e escalabilidade no desenvolvimento. A aplicação permite que utilizadores explorem uma lista de produtos, visualizem detalhes e adicionem itens ao carrinho de compras de forma dinâmica.", "link_github": "https://github.com/miguelRodr1gues/react-nextjs", "link_demo": null, "conceitos_aplicados": "React\r\nConceito principal: Componentização\r\n➡️ A interface é dividida em componentes reutilizáveis, cada um com sua lógica e aparência.\r\n\r\nJavaScript\r\nConceito principal: Manipulação do DOM e lógica de programação\r\n➡️ Permite interações dinâmicas com a página, como cliques, animações e carregamento de dados.\r\n\r\nTailwind CSS\r\nConceito principal: Estilização com classes utilitárias\r\n➡️ Usa classes diretamente no HTML para aplicar estilos de forma rápida e responsiva.\r\n\r\nTypeScript\r\nConceito principal: Tipagem estática e segurança no código\r\n➡️ Define tipos para variáveis e funções, ajudando a prevenir erros e facilitar a manutenção.", "desafios_interessantes": "Um dos maiores desafios do projeto foi implementar o carrinho de compras. Garantir que os produtos fossem corretamente adicionados, sem duplicações desnecessárias, e que o estado se mantivesse mesmo após atualizar a página, exigiu uma boa estruturação do Context API em conjunto com LocalStorage.\r\n\r\nApesar disso, o restante do projeto — como a navegação entre páginas, renderização dinâmica com Next.js, e a tipagem com TypeScript — foi desenvolvido de forma fluída e sem grandes complicações.", "disciplina": 2, "tecnologias_utilizadas": [2, 3, 4, 5, 6]}}, {"model": "portfolio.projeto", "pk": 3, "fields": {"titulo": "Batalha Naval", "descricao": "Desenvolver uma grelha 2D que simule a arena do jogo, com navios e marcadores de jogadas anteriores.\r\nCriar uma interface de linha de comando para a interação do jogador com o jogo.", "link_github": "https://github.com/Dr1gues/Dr1gues/blob/main/README.md?plain=1", "link_demo": "https://youtu.be/CYT0lOyQrro", "conceitos_aplicados": "Programação em Kotlin: ciclos, funções, arrays, arrays2D, leitura do teclado, escrita no ecrã.", "desafios_interessantes": "Nenhuns", "disciplina": 3, "tecnologias_utilizadas": [7, 8]}}, {"model": "portfolio.projeto", "pk": 4, "fields": {"titulo": "Portfolio", "descricao": "Criação de aplicação Web com um portfolio. Segue o modelo Model-View-Control. Integra modelação e implementação de uma base de dados, desenvolvimento de toda a lógica de negócio, e criação de interfaces Web.\r\nCriação de uma aplicações sobre o curso (com informação das disciplinas e seus conteudos), projetos realizados\r\nCriação de um blog, que permite comentários e ratings\r\nInterligação com APIs", "link_github": null, "link_demo": null, "conceitos_aplicados": "Model-view-control\r\nFramework de desenvolvimento web django, para backend e frontend\r\nModelação de bases de dados\r\nCriação de interfaces Web\r\nDesenvolvimento de APIs, web scraping e automação\r\nUtilização de uma Platform as a Service (PaaS)", "desafios_interessantes": "Nenhuns", "disciplina": 4, "tecnologias_utilizadas": [4, 9, 10, 11, 12, 13, 14, 15, 16]}}, {"model": "portfolio.projeto", "pk": 5, "fields": {"titulo": "Lançamento do Projétil", "descricao": "O programa pede a altura, a velocidade inicial e o ângulo.\r\nTemos o output de um gráfico do trajeto do projétil consoante os inputs inseridos\r\nPodemos repetir o programa o quanto desejarmos.", "link_github": null, "link_demo": "https://youtu.be/1fk8l_IUJxM", "conceitos_aplicados": "Referencial, posição e trajetória.\r\nMovimento no espaço. Projéteis\r\nProgramação em Kotlin: leitura do teclado, escrita no ecrã.", "desafios_interessantes": "Nenhuns", "disciplina": 5, "tecnologias_utilizadas": [7, 8]}}, {"model": "portfolio.visitante", "pk": 1, "fields": {"ip_address": "10.0.4.170", "data": "2025-05-14T10:01:37.860Z"}}, {"model": "portfolio.magiclinktoken", "pk": 5, "fields": {"user": 3, "token": "bbfa57b0-68c3-4671-bfa8-22d6d4e0d774", "created_at": "2025-05-20T07:15:47.838Z", "used": true}}, {"model": "portfolio.magiclinktoken", "pk": 6, "fields": {"user": 3, "token": "66e2eece-83c1-4124-b77b-b081477aca76", "created_at": "2025-05-20T07:26:17.122Z", "used": true}}, {"model": "portfolio.magiclinktoken", "pk": 7, "fields": {"user": 3, "token": "37339201-cf55-4414-8324-996777df744b", "created_at": "2025-05-20T07:50:24.747Z", "used": false}}, {"model": "portfolio.magiclinktoken", "pk": 8, "fields": {"user": 3, "token": "37d240b7-59d3-4581-bd8f-a712451b670c", "created_at": "2025-05-20T07:56:32.240Z", "used": false}}, {"model": "portfolio.magiclinktoken", "pk": 9, "fields": {"user": 3, "token": "27034436-892b-4d5e-aabe-85b3e42343b1", "created_at": "2025-05-20T08:01:52.789Z", "used": false}}, {"model": "portfolio.magiclinktoken", "pk": 10, "fields": {"user": 3, "token": "94fc7e7a-6e38-454a-963f-2f7373d10852", "created_at": "2025-05-20T08:01:57.006Z", "used": false}}, {"model": "portfolio.magiclinktoken", "pk": 11, "fields": {"user": 3, "token": "94c303a5-d1df-4781-8aa8-0bcd57123872", "created_at": "2025-05-20T08:03:49.047Z", "used": false}}, {"model": "portfolio.magiclinktoken", "pk": 12, "fields": {"user": 3, "token": "cd7ca1d4-cdc1-437e-929e-eabfeb4986bb", "created_at": "2025-05-20T08:04:38.482Z", "used": false}}, {"model": "portfolio.magiclinktoken", "pk": 13, "fields": {"user": 3, "token": "ab49476c-d236-49fa-b9eb-81f97e41e2fb", "created_at": "2025-05-20T08:06:20.903Z", "used": false}}, {"model": "portfolio.magiclinktoken", "pk": 14, "fields": {"user": 12, "token": "034d6c46-87ea-4149-9bce-c38e01430be9", "created_at": "2025-05-20T09:52:20.602Z", "used": false}}, {"model": "portfolio.magiclinktoken", "pk": 15, "fields": {"user": 3, "token": "2002999e-c1d1-4a73-8bec-ad558c31c501", "created_at": "2025-05-20T12:59:45.635Z", "used": false}}, {"model": "portfolio.magiclinktoken", "pk": 16, "fields": {"user": 3, "token": "ca5b7bfc-332d-40d5-902c-0298027f7d8b", "created_at": "2025-05-20T13:01:42.691Z", "used": false}}, {"model": "portfolio.magiclinktoken", "pk": 17, "fields": {"user": 3, "token": "f7ddf8f6-89aa-4d89-bdc1-8fb8542c660e", "created_at": "2025-05-20T13:01:51.764Z", "used": false}}, {"model": "portfolio.magiclinktoken", "pk": 18, "fields": {"user": 3, "token": "cd09cc8b-f8f3-4b67-81c2-0c84bad28c7e", "created_at": "2025-05-20T13:05:06.655Z", "used": true}}, {"model": "portfolio.magiclinktoken", "pk": 19, "fields": {"user": 3, "token": "332f4719-cc89-4f33-8dff-1333a4b6a87c", "created_at": "2025-05-20T13:05:31.349Z", "used": true}}, {"model": "portfolio.magiclinktoken", "pk": 20, "fields": {"user": 3, "token": "fb1ce089-8c29-489a-a22a-028fef192d2e", "created_at": "2025-05-20T13:13:50.013Z", "used": true}}, {"model": "portfolio.magiclinktoken", "pk": 21, "fields": {"user": 3, "token": "b76aba6b-5411-45a1-8235-642578324d0b", "created_at": "2025-05-20T13:14:03.463Z", "used": true}}, {"model": "portfolio.magiclinktoken", "pk": 22, "fields": {"user": 3, "token": "36838642-a86e-40cf-a9d0-ea22e932187e", "created_at": "2025-05-20T13:14:15.633Z", "used": false}}, {"model": "portfolio.magiclinktoken", "pk": 23, "fields": {"user": 3, "token": "c37be04a-ed09-42fc-90cf-715744f734bb", "created_at": "2025-05-20T13:14:18.817Z", "used": false}}, {"model": "account.emailaddress", "pk": 1, "fields": {"user": 10, "email": "kmailar8@gmail.com", "verified": true, "primary": true}}, {"model": "account.emailaddress", "pk": 2, "fields": {"user": 11, "email": "bernardoantjeronimo@gmail.com", "verified": true, "primary": true}}, {"model": "socialaccount.socialapp", "pk": 1, "fields": {"provider": "google", "provider_id": "Google", "name": "django-gmail-api", "client_id": "552660081241-pdart5l3qkjtuuu1p15bj9c4e5rd4bh3.apps.googleusercontent.com", "secret": "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", "key": "", "settings": {}}}, {"model": "socialaccount.socialaccount", "pk": 1, "fields": {"user": 10, "provider": "Google", "uid": "105451455474381771644", "last_login": "2025-05-20T13:15:04.167Z", "date_joined": "2025-05-20T08:41:36.423Z", "extra_data": {"aud": "552660081241-pdart5l3qkjtuuu1p15bj9c4e5rd4bh3.apps.googleusercontent.com", "azp": "552660081241-pdart5l3qkjtuuu1p15bj9c4e5rd4bh3.apps.googleusercontent.com", "exp": 1747750504, "iat": 1747746904, "iss": "https://accounts.google.com", "sub": "105451455474381771644", "name": "Miguel Rodrigues", "email": "kmailar8@gmail.com", "at_hash": "BTVw_MS-50oopb9a__z2nw", "picture": "https://lh3.googleusercontent.com/a/ACg8ocIOzR4K9NFnCQ59pA7Kc0pEbteF_Bm2A3PGST6LHig-VYWCQQ=s96-c", "given_name": "Miguel", "family_name": "Rodrigues", "email_verified": true}}}, {"model": "socialaccount.socialaccount", "pk": 2, "fields": {"user": 11, "provider": "Google", "uid": "116678465199973755090", "last_login": "2025-05-20T09:48:42.446Z", "date_joined": "2025-05-20T09:33:20.391Z", "extra_data": {"aud": "552660081241-pdart5l3qkjtuuu1p15bj9c4e5rd4bh3.apps.googleusercontent.com", "azp": "552660081241-pdart5l3qkjtuuu1p15bj9c4e5rd4bh3.apps.googleusercontent.com", "exp": 1747738122, "iat": 1747734522, "iss": "https://accounts.google.com", "sub": "116678465199973755090", "name": "Bernardo Jerónimo", "email": "bernardoantjeronimo@gmail.com", "at_hash": "HLvS_kHZcdUilViQbXQJRw", "picture": "https://lh3.googleusercontent.com/a/ACg8ocLYA8mBsdF2SEfqab2-_xHmJ5X6Lf5AJuqu2uet_Grq9LIBpw=s96-c", "given_name": "Bernardo", "family_name": "Jerónimo", "email_verified": true}}}]